<?xml version="1.0" encoding="UTF-8"?>
<beans xmlns="[http://www.springframework.org/schema/beans](http://www.springframework.org/schema/beans)"
       xmlns:xsi="[http://www.w3.org/2001/XMLSchema-instance](http://www.w3.org/2001/XMLSchema-instance)"
       xmlns:aop="[http://www.springframework.org/schema/aop](http://www.springframework.org/schema/aop)"
       xmlns:context="http://www.springframework.org/schema/context"
       xsi:schemaLocation="
              [http://www.springframework.org/schema/beans](http://www.springframework.org/schema/beans) [http://www.springframework.org/schema/beans/spring-beans.xsd](http://www.springframework.org/schema/beans/spring-beans.xsd)
              [http://www.springframework.org/schema/aop](http://www.springframework.org/schema/aop) [http://www.springframework.org/schema/aop/spring-aop.xsd](http://www.springframework.org/schema/aop/spring-aop.xsd)">

    <aop:aspectj-autoproxy/>
    <context:component-scan base-package="com.library" />
    <constructor-arg ref="bookRepository"/>
    <bean id="loggingAspect" class="com.library.aspect.LoggingAspect"/>
    <bean id="loggingAspect" class="com.library.aspect.LoggingAspect"/>
    <bean id="bookService" class="com.library.service.BookService">
    <bean id="bookRepository" class="com.library.repositary.BookRepository" />
    <property name="bookRepository" ref="bookRepository"/>
</bean>
``
<beans xmlns="http://www.springframework.org/schema/beans"
xmlns:xsi="[invalid URL removed]"
xmlns:aop="http://www.springframework.org/schema/aop"
xsi:schemaLocation="
http://www.springframework.org/schema/beans
http://www.springframework.org/schema/beans/spring-beans.xsd
http://www.springframework.org/schema/aop  
http://www.springframework.org/schema/aop/spring-aop.xsd">   

<aop:aspectj-autoproxy />

<bean id="loggingAspect" class="com.library.aspect.LoggingAspect" />
</beans>
``
</beans>
